claim_id,material_claim,scope,maturity,mathematical_support,executable_support,raw_or_retained_evidence,paper_location,fresh_recheck
C1,Per-port age span strictly below the launch gap is necessary and sufficient for collision-free same-port projection under every legal launch schedule.,finite launch-indexed profiles; unqueued physical port/cycle observation,proved_and_finite_checked,artifact/proofs/timeline-refinement.md Theorem 1,src/timeline_check.py exhaustive two-launch collision enumerator; span/collision and span-equals-gap tests,timeline-inputs/*.json; timeline-results/summary.json,paper/main.tex Theorem 1 and Corollary 1; Sec. III-A,2026-09-26: proof boundary reviewed; gap-one multi-age window rejected; zero span/collision disagreements over 961 valuations
C2,"Contextual replacement is equivalent to the directional gap, read-set, and write-set inclusions.",finite tagged clients over port-separated profiles with common directed ports; actual nonnegative launch owners and global all-tag physical injectivity,proved_and_finite_checked,artifact/proofs/timeline-refinement.md Theorem 2,"src/timeline.py direct criterion; src/timeline_check.py independent evaluator, ownership/collision legality, persisted-event replay; translated game cross-check; src/exhaustive_context.py explicit client-set inclusion oracle",timeline-results/*.clients.json; timeline-results/*.certificate.json; timeline-results/summary.json; micro-results/pairs.csv; micro-results/summary.json,paper/main.tex Theorem 2; Sec. IV-A,"2026-09-26: zero criterion/game disagreement on 67 families; optional-drive collision and normalization regressions pass; zero criterion/context disagreement on 2,704 micro-pairs"
C3,Contextual timing refinement is reflexive and transitive.,declared port-separated profile fragment,proved,artifact/proofs/timeline-refinement.md Corollary 1,reflexive handwritten and generated controls,timeline-inputs/timeline-reflexive-*.json; timeline-results/families.csv,paper/main.tex Corollary 2,2026-09-17: proof reviewed; reflexive controls pass
C4,Synchronous products over disjoint directed ports preserve refinement.,one shared launch stream; no asynchronous wiring or hidden shared ports,proved,artifact/proofs/timeline-refinement.md Proposition 1,criterion implementation exercises componentwise max/union primitives indirectly; no empirical universality claim,not applicable beyond proof definitions,paper/main.tex Proposition 1; Sec. IV-B,2026-09-17: order and port-separation proof reviewed
C5,"Every failed refinement has a compact canonical client with at most two launches, at most twice the specification read facts, and at most one sample.",failures of the three complete criterion clauses,proved_and_finite_checked,artifact/proofs/timeline-refinement.md Corollary 2,canonical client generation; independent parsing and replay of the complete persisted launches/drives/samples record,timeline-results/*.clients.json,paper/main.tex Corollary 3; Sec. IV-B,2026-09-26: all 691 persisted failures replay with the stated compact construction
C6,The canonical failed client attains the minimum possible first-violation time.,"gap, read, or write failures in the deterministic timeline fragment",proved_and_finite_checked,artifact/proofs/timeline-refinement.md Proposition 2,"src/timeline.py candidate-time selection; src/timeline_check.py independent absolute-time replay, canonical tie and verified-rank binding; shifted-time and metadata/tie mutations",timeline-results/*.clients.json; timeline-results/summary.json,paper/main.tex Proposition 2; Sec. IV-C,2026-09-26: all 691 retained failures replay at the claimed earliest absolute cycle; shifted nonminimal client and metadata/tie mutations rejected
C7,The bounded safe set is exactly the model set of the family formula and is the greatest safe valuation set / weakest sufficient bounded assumption.,declared admitted finite integer box; Presburger definability only when predicates are Presburger,proved_and_finite_checked,artifact/proofs/timeline-refinement.md Sec. 6,complete admitted-valuation enumeration by direct and game paths,timeline-inputs/*.json; timeline-results/*.certificate.json; timeline-results/families.csv,"paper/main.tex Eq. (7), Corollary 4, Sec. IV-D",2026-09-17: exact safe IDs checked for 961 valuations
C8,Launch-history alternating simulation is equivalent to contextual refinement.,port-separated profiles translated by the declared history automaton,proved_and_finite_checked,artifact/proofs/timeline-refinement.md Theorem 3,src/timeline.py history translation; src/timeline_check.py independent enabled-action/drop checker; src/check.py game checker; independent concrete reverse attractor; newest-age-only action mutation,timeline-results/*.certificate.json; timeline-results/summary.json,paper/main.tex Theorem 3; Fig. 3; Sec. V-A,"2026-09-26: zero criterion/game disagreements; age-two actions for older overlapping transaction retained at history {1,2}; faulty newest-age-only mutation rejected"
C9,The saturated age quotient is sound after uniformly erasing need/sample age suffixes when all event ages precede re-launch; overlapping profiles retain the history model.,serial/quiescent subfragment only,proved_and_regression_checked,"artifact/proofs/timeline-refinement.md Sec. 7, Quiescent quotient","translation-selection tests; raw-label distinction; edge-level quotient-map regression on every legal retained serial history",timeline-results/families.csv; tests/test_timeline.py,paper/main.tex Proposition 3; Sec. V-B,"2026-10-06: 64 serial families, 934 valuations; tagged labels differ before erasure; transition-map regression passes after erasure"
C10,"For every failed timeline valuation, initial game losing rank equals earliest client violation time plus two.",checker rank convention; declared translations,proved_and_finite_checked,artifact/proofs/timeline-refinement.md Proposition 3,run_timeline.py persisted-client assertion; independent absolute-time replay; verified local rank equations,timeline-results/*.clients.json; timeline-results/summary.json,paper/main.tex Proposition 4; Sec. V-C,2026-09-26: 691/691 equalities from replayed absolute cycles; zero disagreements; shifted launch mutation rejected
C11,Manual normalization places five reusable Lilac timing declarations inside the fragment and retains the source's explicitly erroneous Fig. 5(a) as a same-port boundary.,six locator-bound timing declarations; no parser/body/RTL claim,source_normalized_and_finite_checked,artifact/proofs/timeline-refinement.md Sec. 9,src/generate_anchor.py; run_anchor.py; source identity/boundary tests,anchor-inputs/*.json; anchor-results/summary.json; anchor-results/profiles.csv,"paper/main.tex, Published Declaration Normalization and RQ5","2026-09-17: 5 reusable records accepted, 1 source-labelled erroneous boundary, 29 supported valuations, zero disagreements"
C12,"Timeline campaign covers 67 families, 961 valuations, 66,688 pair-valuations, 270 safe and 691 failing.",retained diagnostic corpus,measured,not applicable,run_timeline.py producer plus independent check-only pass,timeline-results/summary.json; timeline-results/families.csv; timeline-results/measurements.json,paper/main.tex Tables VII-IX; Sec. VII,"2026-09-26: targeted semantic repairs leave all 961 decisions, 270/691 split, and 66,688 pair-valuations unchanged"
C13,"General control campaign covers 41 families, 520 valuations, 9,076 pair-valuations, with producer/oracle agreement and a branching-witness negative control.",retained finite interface-game controls,measured_and_finite_checked,artifact/proofs/baseline.md,src/solve.py versus src/check.py concrete reverse AND/OR oracle and spoiler-DAG checker,results/summary.json; results/branching.witness.json; results/*.certificate.json,"paper/main.tex Fig. 4, Table VII, Secs. V-D and VII-C",2026-09-17: zero producer/oracle disagreement; branching control retested
C14,The current artifact has 108 passing tests; the clean-reproduction routine compares 294 scientific files.,native Windows core checks distinguished from historical POSIX reproduction,measured,not applicable,"python -m unittest; core producer/checker replay; reproduce.py retains exact test-inventory and scientific-file gates",results/test-results.json; results/reproduction.json; micro-results/summary.json; bibliography-results/summary.json,"paper/main.tex, test inventory and RQ6","2026-10-06: native CPython 3.12.14 passes 108 tests; 114 byte-identical regenerated inputs; 284 matching JSON objects and unchanged micro-pair table; historical 102-test POSIX reproduction and host timings retained separately; edited PDF not rebuilt here"
C16,An independently written exhaustive micro-model induces exactly the same contextual order as the directional criterion.,all port-separated one-input/one-output profiles with ages 0..2 and gaps 1..2; complete distinguishing client universe for this finite domain,exhaustive_finite_checked,artifact/proofs/timeline-refinement.md Sec. 10,src/exhaustive_context.py; run_exhaustive.py; tests/test_exhaustive_context.py,micro-results/profiles.csv; micro-results/pairs.csv; micro-results/summary.json,"paper/main.tex, RQ1--RQ4 and conclusion","2026-09-17: 52 profiles, 3,665 clients, 2,704 ordered pairs, 365 safe by each definition, zero disagreement"
C17,The 69-entry bibliography exceeds the 55-entry requirement without uncited padding and has unique stable scholarly locators with guarded high-risk metadata.,"retained manuscript BibTeX and citation inventory; structural/metadata audit, not live resolution or independent novelty review",structurally_audited,not applicable,src/bibliography_check.py; run_bibliography.py; tests/test_bibliography.py,literature/references.bib; literature/bibliography-audit.csv; literature/citation-counts.csv; bibliography-results/summary.json,"paper/main.tex, Evidence Separation, RQ6, and Related Work","2026-09-17: 69/69 cited, 175 citation occurrences, 65 DOI plus 4 stable URL records, 69 unique locators, 9 high-risk metadata checks"
