name,title,scholarly_or_official_url,license_or_access_basis,access_date,resource_type,acquisition_method,integration_mode,supported_claim,internals_modified
lilac,Parameterized Hardware Design with Latency-Abstract Interfaces,https://doi.org/10.1145/3779212.3790199,citation only; publication not redistributed,2026-09-12,scholarly publication,bibliographic record and accessible primary/public author copy where available,citation and technical positioning only,timing-aware hardware abstractions and closest boundary,false
performanceinterfaces,Performance Interfaces for Hardware Accelerators,https://www.usenix.org/conference/osdi24/presentation/ma,citation only; publication not redistributed,2026-09-15,scholarly publication,official USENIX publication page and paper record,citation and technical positioning only,explicit accelerator interface summaries as adjacent motivation; not timing-refinement evidence,false
filament,Modular Hardware Design with Timeline Types,https://doi.org/10.1145/3591234,citation only; publication not redistributed,2026-09-12,scholarly publication,bibliographic record and accessible primary/public author copy where available,citation and technical positioning only,timing-aware hardware abstractions and closest boundary,false
dahlia,Predictable Accelerator Design with Time-Sensitive Affine Types,https://doi.org/10.1145/3385412.3385974,citation only; publication not redistributed,2026-09-12,scholarly publication,bibliographic record and accessible primary/public author copy where available,citation and technical positioning only,timing-aware hardware abstractions and closest boundary,false
durst,Type-Directed Scheduling of Streaming Accelerators,https://doi.org/10.1145/3385412.3385983,citation only; publication not redistributed,2026-09-12,scholarly publication,bibliographic record and accessible primary/public author copy where available,citation and technical positioning only,timing-aware hardware abstractions and closest boundary,false
calyx,A Compiler Infrastructure for Accelerator Generators,https://doi.org/10.1145/3445814.3446712,citation only; publication not redistributed,2026-09-12,scholarly publication,bibliographic record and accessible primary/public author copy where available,citation and technical positioning only,timing-aware hardware abstractions and closest boundary,false
anvil,Anvil: A General-Purpose Timing-Safe Hardware Description Language,https://doi.org/10.1145/3779212.3790125,citation only; publication not redistributed,2026-09-12,scholarly publication,bibliographic record and accessible primary/public author copy where available,citation and technical positioning only,timing-aware hardware abstractions and closest boundary,false
carloni,Theory of Latency-Insensitive Design,https://doi.org/10.1109/43.945302,citation only; publication not redistributed,2026-09-12,scholarly publication,bibliographic record and accessible primary/public author copy where available,citation and technical positioning only,timing-aware hardware abstractions and closest boundary,false
syncelastic,Synchronous Elastic Circuits,https://doi.org/10.1007/11753728_3,citation only; publication not redistributed,2026-09-12,scholarly publication,bibliographic record and accessible primary/public author copy where available,citation and technical positioning only,timing-aware hardware abstractions and closest boundary,false
elasticcircuits,Synthesis of Synchronous Elastic Architectures,https://doi.org/10.1145/1146909.1147077,citation only; publication not redistributed,2026-09-12,scholarly publication,bibliographic record and accessible primary/public author copy where available,citation and technical positioning only,timing-aware hardware abstractions and closest boundary,false
chisel,Chisel: Constructing Hardware in a Scala Embedded Language,https://doi.org/10.1145/2228360.2228584,citation only; publication not redistributed,2026-09-12,scholarly publication,bibliographic record and accessible primary/public author copy where available,citation and technical positioning only,"hardware language, generator, and verification context",false
clash,C$\lambda$aSH: Structural Descriptions of Synchronous Hardware Using {Haskell},https://doi.org/10.1109/DSD.2010.21,citation only; publication not redistributed,2026-09-12,scholarly publication,bibliographic record and accessible primary/public author copy where available,citation and technical positioning only,"hardware language, generator, and verification context",false
bluespec,"Bluespec System Verilog: Efficient, Correct {RTL} from High Level Specifications",https://doi.org/10.1109/MEMCOD.2004.1459818,citation only; publication not redistributed,2026-09-12,scholarly publication,bibliographic record and accessible primary/public author copy where available,citation and technical positioning only,"hardware language, generator, and verification context",false
pymtl,PyMTL: A Unified Framework for Vertically Integrated Computer Architecture Research,https://doi.org/10.1109/MICRO.2014.50,citation only; publication not redistributed,2026-09-12,scholarly publication,bibliographic record and accessible primary/public author copy where available,citation and technical positioning only,"hardware language, generator, and verification context",false
firrtl,"Reusability Is {FIRRTL} Ground: Hardware Construction Languages, Compiler Frameworks, and Transformations",https://doi.org/10.1109/ICCAD.2017.8203780,citation only; publication not redistributed,2026-09-12,scholarly publication,bibliographic record and accessible primary/public author copy where available,citation and technical positioning only,"hardware language, generator, and verification context",false
bambu,Bambu: A Modular Framework for the High Level Synthesis of Memory-Intensive Applications,https://doi.org/10.1109/FPL.2013.6645550,citation only; publication not redistributed,2026-09-12,scholarly publication,bibliographic record and accessible primary/public author copy where available,citation and technical positioning only,"hardware language, generator, and verification context",false
spatial,Spatial: A Language and Compiler for Application Accelerators,https://doi.org/10.1145/3192366.3192379,citation only; publication not redistributed,2026-09-12,scholarly publication,bibliographic record and accessible primary/public author copy where available,citation and technical positioning only,"hardware language, generator, and verification context",false
halide,"Halide: A Language and Compiler for Optimizing Parallelism, Locality, and Recomputation in Image Processing Pipelines",https://doi.org/10.1145/2491956.2462176,citation only; publication not redistributed,2026-09-12,scholarly publication,bibliographic record and accessible primary/public author copy where available,citation and technical positioning only,"hardware language, generator, and verification context",false
darkroom,Darkroom: Compiling High-Level Image Processing Code into Hardware Pipelines,https://doi.org/10.1145/2601097.2601174,citation only; publication not redistributed,2026-09-12,scholarly publication,bibliographic record and accessible primary/public author copy where available,citation and technical positioning only,"hardware language, generator, and verification context",false
rigel,Rigel: Flexible Multi-Rate Image Processing Hardware,https://doi.org/10.1145/2897824.2925892,citation only; publication not redistributed,2026-09-12,scholarly publication,bibliographic record and accessible primary/public author copy where available,citation and technical positioning only,"hardware language, generator, and verification context",false
flopoco,Designing Custom Arithmetic Data Paths with {FloPoCo},https://doi.org/10.1109/MDT.2011.44,citation only; publication not redistributed,2026-09-12,scholarly publication,bibliographic record and accessible primary/public author copy where available,citation and technical positioning only,"hardware language, generator, and verification context",false
spiral,{SPIRAL}: Extreme Performance Portability,https://doi.org/10.1109/JPROC.2018.2873289,citation only; publication not redistributed,2026-09-12,scholarly publication,bibliographic record and accessible primary/public author copy where available,citation and technical positioning only,"hardware language, generator, and verification context",false
cosa,{CoSA}: Integrated Verification for Agile Hardware Design,https://doi.org/10.23919/FMCAD.2018.8603014,citation only; publication not redistributed,2026-09-12,scholarly publication,bibliographic record and accessible primary/public author copy where available,citation and technical positioning only,"hardware language, generator, and verification context",false
spade,Spade---A Modern Hardware Description Language,https://doi.org/10.1145/3793550,citation only; publication not redistributed,2026-09-12,scholarly publication,bibliographic record and accessible primary/public author copy where available,citation and technical positioning only,"hardware language, generator, and verification context",false
autopilot,AutoPilot: A Platform-Based {ESL} Synthesis System,https://doi.org/10.1007/978-1-4020-8588-8_6,citation only; publication not redistributed,2026-09-12,scholarly publication,bibliographic record and accessible primary/public author copy where available,citation and technical positioning only,"hardware language, generator, and verification context",false
legup,LegUp: High-Level Synthesis for FPGA-Based Processor/Accelerator Systems,https://doi.org/10.1145/1950413.1950423,citation only; publication not redistributed,2026-09-12,scholarly publication,bibliographic record and accessible primary/public author copy where available,citation and technical positioning only,"hardware language, generator, and verification context",false
heterocl,HeteroCL: A Multi-Paradigm Programming Infrastructure for Software-Defined Reconfigurable Computing,https://doi.org/10.1145/3289602.3293910,citation only; publication not redistributed,2026-09-12,scholarly publication,bibliographic record and accessible primary/public author copy where available,citation and technical positioning only,"hardware language, generator, and verification context",false
ioautomata,An Introduction to Input/Output Automata,https://groups.csail.mit.edu/tds/papers/Lynch/CWI89.pdf,citation only; publication not redistributed,2026-09-12,scholarly publication,bibliographic record and accessible primary/public author copy where available,citation and technical positioning only,"interface, contract, and alternating-refinement foundations",false
interfaceautomata,Interface Automata,https://doi.org/10.1145/503209.503226,citation only; publication not redistributed,2026-09-12,scholarly publication,bibliographic record and accessible primary/public author copy where available,citation and technical positioning only,"interface, contract, and alternating-refinement foundations",false
interfacetheories,Interface Theories for Component-Based Design,https://doi.org/10.1007/3-540-45449-7_11,citation only; publication not redistributed,2026-09-12,scholarly publication,bibliographic record and accessible primary/public author copy where available,citation and technical positioning only,"interface, contract, and alternating-refinement foundations",false
alternating,Alternating Refinement Relations,https://doi.org/10.1007/BFb0055622,citation only; publication not redistributed,2026-09-12,scholarly publication,bibliographic record and accessible primary/public author copy where available,citation and technical positioning only,"interface, contract, and alternating-refinement foundations",false
modalspec,Modal Specifications,https://doi.org/10.1007/3-540-52148-8_19,citation only; publication not redistributed,2026-09-12,scholarly publication,bibliographic record and accessible primary/public author copy where available,citation and technical positioning only,"interface, contract, and alternating-refinement foundations",false
modalio,Modal I/O Automata for Interface and Product Line Theories,https://doi.org/10.1007/978-3-540-71316-6_6,citation only; publication not redistributed,2026-09-12,scholarly publication,bibliographic record and accessible primary/public author copy where available,citation and technical positioning only,"interface, contract, and alternating-refinement foundations",false
timedio,Timed I/O Automata: A Complete Specification Theory for Real-Time Systems,https://doi.org/10.1145/1755952.1755967,citation only; publication not redistributed,2026-09-12,scholarly publication,bibliographic record and accessible primary/public author copy where available,citation and technical positioning only,"interface, contract, and alternating-refinement foundations",false
contracts,Contracts for System Design,https://doi.org/10.1561/1000000053,citation only; publication not redistributed,2026-09-12,scholarly publication,bibliographic record and accessible primary/public author copy where available,citation and technical positioning only,"interface, contract, and alternating-refinement foundations",false
frankenstein,Taming Dr. Frankenstein: Contract-Based Design for Cyber-Physical Systems,https://doi.org/10.3166/EJC.18.217-238,citation only; publication not redistributed,2026-09-12,scholarly publication,bibliographic record and accessible primary/public author copy where available,citation and technical positioning only,"interface, contract, and alternating-refinement foundations",false
specstocontracts,Moving from Specifications to Contracts in Component-Based Design,https://doi.org/10.1007/978-3-642-28872-2_3,citation only; publication not redistributed,2026-09-12,scholarly publication,bibliographic record and accessible primary/public author copy where available,citation and technical positioning only,"interface, contract, and alternating-refinement foundations",false
interfacebased,Interface-Based Design,https://doi.org/10.1145/266021.266060,citation only; publication not redistributed,2026-09-12,scholarly publication,bibliographic record and accessible primary/public author copy where available,citation and technical positioning only,"interface, contract, and alternating-refinement foundations",false
learningag,Learning to Divide and Conquer: Applying the {L*} Algorithm to Automate Assume-Guarantee Reasoning,https://doi.org/10.1007/s10703-008-0049-6,citation only; publication not redistributed,2026-09-12,scholarly publication,bibliographic record and accessible primary/public author copy where available,citation and technical positioning only,"interface, contract, and alternating-refinement foundations",false
behavioraltypes,A Behavioral Type System and Its Application in {Ptolemy II},https://doi.org/10.1007/s00165-004-0043-8,citation only; publication not redistributed,2026-09-12,scholarly publication,bibliographic record and accessible primary/public author copy where available,citation and technical positioning only,"interface, contract, and alternating-refinement foundations",false
relations,Relating Alternating Relations for Conformance and Refinement,https://doi.org/10.1007/978-3-030-34968-4_14,citation only; publication not redistributed,2026-09-12,scholarly publication,bibliographic record and accessible primary/public author copy where available,citation and technical positioning only,"interface, contract, and alternating-refinement foundations",false
paramrealtime,Parametric Real-Time Reasoning,https://doi.org/10.1145/167088.167242,citation only; publication not redistributed,2026-09-12,scholarly publication,bibliographic record and accessible primary/public author copy where available,citation and technical positioning only,parametric timed verification and synthesis boundary,false
hune,Linear Parametric Model Checking of Timed Automata,https://doi.org/10.1016/S1567-8326(02)00037-1,citation only; publication not redistributed,2026-09-12,scholarly publication,bibliographic record and accessible primary/public author copy where available,citation and technical positioning only,parametric timed verification and synthesis boundary,false
andre,What's Decidable about Parametric Timed Automata?,https://doi.org/10.1007/s10009-017-0467-0,citation only; publication not redistributed,2026-09-12,scholarly publication,bibliographic record and accessible primary/public author copy where available,citation and technical positioning only,parametric timed verification and synthesis boundary,false
jovanovic,Integer Parameter Synthesis for Real-Time Systems,https://doi.org/10.1109/TSE.2014.2357445,citation only; publication not redistributed,2026-09-12,scholarly publication,bibliographic record and accessible primary/public author copy where available,citation and technical positioning only,parametric timed verification and synthesis boundary,false
integercomplete,Integer-Complete Synthesis for Bounded Parametric Timed Automata,https://doi.org/10.1007/978-3-319-24537-9_2,citation only; publication not redistributed,2026-09-12,scholarly publication,bibliographic record and accessible primary/public author copy where available,citation and technical positioning only,parametric timed verification and synthesis boundary,false
imitator,{IMITATOR} 2.5: A Tool for Analyzing Robustness in Scheduling Problems,https://doi.org/10.1007/978-3-642-32759-9_6,citation only; publication not redistributed,2026-09-12,scholarly publication,bibliographic record and accessible primary/public author copy where available,citation and technical positioning only,parametric timed verification and synthesis boundary,false
traonouez,A Parametric Counterexample Refinement Approach for Robust Timed Specifications,https://doi.org/10.4204/EPTCS.87.3,citation only; publication not redistributed,2026-09-12,scholarly publication,bibliographic record and accessible primary/public author copy where available,citation and technical positioning only,parametric timed verification and synthesis boundary,false
timedinterfaces,Toward Parametric Timed Interfaces for Real-Time Components,https://doi.org/10.4204/EPTCS.145.6,citation only; publication not redistributed,2026-09-12,scholarly publication,bibliographic record and accessible primary/public author copy where available,citation and technical positioning only,parametric timed verification and synthesis boundary,false
featuredts,Featured Transition Systems: Foundations for Verifying Variability-Intensive Systems and Their Application to {LTL} Model Checking,https://doi.org/10.1109/TSE.2012.86,citation only; publication not redistributed,2026-09-12,scholarly publication,bibliographic record and accessible primary/public author copy where available,citation and technical positioning only,family-based verification and featured-game overlap,false
modellots,Model Checking Lots of Systems: Efficient Verification of Temporal Properties in Software Product Lines,https://doi.org/10.1145/1806799.1806850,citation only; publication not redistributed,2026-09-12,scholarly publication,bibliographic record and accessible primary/public author copy where available,citation and technical positioning only,family-based verification and featured-game overlap,false
featured,Featured Games,https://arxiv.org/abs/2005.05666,citation only; publication not redistributed,2026-09-12,scholarly publication,bibliographic record and accessible primary/public author copy where available,citation and technical positioning only,family-based verification and featured-game overlap,false
antichains,Antichains: A New Algorithm for Checking Universality of Finite Automata,https://doi.org/10.1007/11817963_5,citation only; publication not redistributed,2026-09-12,scholarly publication,bibliographic record and accessible primary/public author copy where available,citation and technical positioning only,"simulation algorithms, antichains, and counterexample explanation",false
antichainmc,Antichains for the Automata-Based Approach to Model-Checking,https://doi.org/10.2168/LMCS-5(1:5)2009,citation only; publication not redistributed,2026-09-12,scholarly publication,bibliographic record and accessible primary/public author copy where available,citation and technical positioning only,"simulation algorithms, antichains, and counterexample explanation",false
simulations,Computing Simulations on Finite and Infinite Graphs,https://doi.org/10.1109/SFCS.1995.492576,citation only; publication not redistributed,2026-09-12,scholarly publication,bibliographic record and accessible primary/public author copy where available,citation and technical positioning only,"simulation algorithms, antichains, and counterexample explanation",false
ranzato,A New Efficient Simulation Equivalence Algorithm,https://doi.org/10.1109/LICS.2007.8,citation only; publication not redistributed,2026-09-12,scholarly publication,bibliographic record and accessible primary/public author copy where available,citation and technical positioning only,"simulation algorithms, antichains, and counterexample explanation",false
cleaveland,On Automatically Explaining Bisimulation Inequivalence,https://doi.org/10.1007/BFb0023750,citation only; publication not redistributed,2026-09-12,scholarly publication,bibliographic record and accessible primary/public author copy where available,citation and technical positioning only,"simulation algorithms, antichains, and counterexample explanation",false
cegar,Counterexample-Guided Abstraction Refinement,https://doi.org/10.1007/10722167_15,citation only; publication not redistributed,2026-09-12,scholarly publication,bibliographic record and accessible primary/public author copy where available,citation and technical positioning only,"simulation algorithms, antichains, and counterexample explanation",false
groce,What Went Wrong: Explaining Counterexamples,https://doi.org/10.1007/3-540-44829-2_8,citation only; publication not redistributed,2026-09-12,scholarly publication,bibliographic record and accessible primary/public author copy where available,citation and technical positioning only,"simulation algorithms, antichains, and counterexample explanation",false
cooper,Theorem Proving in Arithmetic without Multiplication,https://www.doc.ic.ac.uk/~shm/MI/mi7.html,citation only; publication not redistributed,2026-09-12,scholarly publication,bibliographic record and accessible primary/public author copy where available,citation and technical positioning only,Presburger and semilinear-set background,false
ginsburg,"Semigroups, Presburger Formulas, and Languages",https://doi.org/10.2140/pjm.1966.16.285,citation only; publication not redistributed,2026-09-12,scholarly publication,bibliographic record and accessible primary/public author copy where available,citation and technical positioning only,Presburger and semilinear-set background,false
haase,A Survival Guide to Presburger Arithmetic,https://doi.org/10.1145/3242953.3242964,citation only; publication not redistributed,2026-09-12,scholarly publication,bibliographic record and accessible primary/public author copy where available,citation and technical positioning only,Presburger and semilinear-set background,false
omega,The Omega Test: A Fast and Practical Integer Programming Algorithm for Dependence Analysis,https://doi.org/10.1145/143165.143175,citation only; publication not redistributed,2026-09-12,scholarly publication,bibliographic record and accessible primary/public author copy where available,citation and technical positioning only,Presburger and semilinear-set background,false
bryant,Graph-Based Algorithms for Boolean Function Manipulation,https://doi.org/10.1109/TC.1986.1676819,citation only; publication not redistributed,2026-09-12,scholarly publication,bibliographic record and accessible primary/public author copy where available,citation and technical positioning only,symbolic and sequential hardware-verification boundary,false
burch,Symbolic Model Checking: $10^{20}$ States and Beyond,https://doi.org/10.1109/LICS.1990.113767,citation only; publication not redistributed,2026-09-12,scholarly publication,bibliographic record and accessible primary/public author copy where available,citation and technical positioning only,symbolic and sequential hardware-verification boundary,false
pixley,A Theory and Implementation of Sequential Hardware Equivalence,https://doi.org/10.1109/43.180261,citation only; publication not redistributed,2026-09-12,scholarly publication,bibliographic record and accessible primary/public author copy where available,citation and technical positioning only,symbolic and sequential hardware-verification boundary,false
abc,{ABC}: An Academic Industrial-Strength Verification Tool,https://doi.org/10.1007/978-3-642-14295-6_5,citation only; publication not redistributed,2026-09-12,scholarly publication,bibliographic record and accessible primary/public author copy where available,citation and technical positioning only,symbolic and sequential hardware-verification boundary,false
kuehlmann,Equivalence Checking Using Cuts and Heaps,https://doi.org/10.1145/266021.266090,citation only; publication not redistributed,2026-09-12,scholarly publication,bibliographic record and accessible primary/public author copy where available,citation and technical positioning only,symbolic and sequential hardware-verification boundary,false
bmc,Symbolic Model Checking without {BDDs},https://doi.org/10.1007/3-540-49059-0_14,citation only; publication not redistributed,2026-09-12,scholarly publication,bibliographic record and accessible primary/public author copy where available,citation and technical positioning only,symbolic and sequential hardware-verification boundary,false
