key,title,year,venue,stable_identifier,verification_url,verification_basis,role
lilac,Parameterized Hardware Design with Latency-Abstract Interfaces,2026,Proceedings of the ACM International Conference on Architectural Support for Programming Languages and Operating Systems,doi:10.1145/3779212.3790199,https://doi.org/10.1145/3779212.3790199,publisher-registered DOI metadata and manuscript-level metadata review,"hardware languages, generators, or accelerator interfaces"
performanceinterfaces,Performance Interfaces for Hardware Accelerators,2024,18th USENIX Symposium on Operating Systems Design and Implementation,url:https://www.usenix.org/conference/osdi24/presentation/ma,https://www.usenix.org/conference/osdi24/presentation/ma,official USENIX proceedings page,"hardware languages, generators, or accelerator interfaces"
filament,Modular Hardware Design with Timeline Types,2023,Proceedings of the ACM on Programming Languages,doi:10.1145/3591234,https://doi.org/10.1145/3591234,publisher-registered DOI metadata and manuscript-level metadata review,"hardware languages, generators, or accelerator interfaces"
dahlia,Predictable Accelerator Design with Time-Sensitive Affine Types,2020,Proceedings of the ACM SIGPLAN Conference on Programming Language Design and Implementation,doi:10.1145/3385412.3385974,https://doi.org/10.1145/3385412.3385974,publisher-registered DOI metadata and manuscript-level metadata review,"hardware languages, generators, or accelerator interfaces"
durst,Type-Directed Scheduling of Streaming Accelerators,2020,Proceedings of the ACM SIGPLAN Conference on Programming Language Design and Implementation,doi:10.1145/3385412.3385983,https://doi.org/10.1145/3385412.3385983,publisher-registered DOI metadata and manuscript-level metadata review,"hardware languages, generators, or accelerator interfaces"
calyx,A Compiler Infrastructure for Accelerator Generators,2021,Proceedings of the ACM International Conference on Architectural Support for Programming Languages and Operating Systems,doi:10.1145/3445814.3446712,https://doi.org/10.1145/3445814.3446712,publisher-registered DOI metadata and manuscript-level metadata review,"hardware languages, generators, or accelerator interfaces"
anvil,Anvil: A General-Purpose Timing-Safe Hardware Description Language,2026,Proceedings of the ACM International Conference on Architectural Support for Programming Languages and Operating Systems,doi:10.1145/3779212.3790125,https://doi.org/10.1145/3779212.3790125,publisher-registered DOI metadata and manuscript-level metadata review,"hardware languages, generators, or accelerator interfaces"
carloni,Theory of Latency-Insensitive Design,2001,IEEE Transactions on Computer-Aided Design of Integrated Circuits and Systems,doi:10.1109/43.945302,https://doi.org/10.1109/43.945302,publisher-registered DOI metadata and manuscript-level metadata review,latency-insensitive and elastic hardware foundations
syncelastic,Synchronous Elastic Circuits,2006,Computer Science--Theory and Applications,doi:10.1007/11753728_3,https://doi.org/10.1007/11753728_3,publisher-registered DOI metadata and manuscript-level metadata review,latency-insensitive and elastic hardware foundations
elasticcircuits,Synthesis of Synchronous Elastic Architectures,2006,Proceedings of the Design Automation Conference,doi:10.1145/1146909.1147077,https://doi.org/10.1145/1146909.1147077,publisher-registered DOI metadata and manuscript-level metadata review,latency-insensitive and elastic hardware foundations
chisel,Chisel: Constructing Hardware in a Scala Embedded Language,2012,Proceedings of the Design Automation Conference,doi:10.1145/2228360.2228584,https://doi.org/10.1145/2228360.2228584,publisher-registered DOI metadata and manuscript-level metadata review,"hardware languages, generators, or accelerator interfaces"
clash,C$\lambda$aSH: Structural Descriptions of Synchronous Hardware Using {Haskell},2010,Proceedings of the Euromicro Conference on Digital System Design,doi:10.1109/dsd.2010.21,https://doi.org/10.1109/DSD.2010.21,publisher-registered DOI metadata and manuscript-level metadata review,"hardware languages, generators, or accelerator interfaces"
bluespec,"Bluespec System Verilog: Efficient, Correct {RTL} from High Level Specifications",2004,Proceedings of the ACM/IEEE International Conference on Formal Methods and Models for Co-Design,doi:10.1109/memcod.2004.1459818,https://doi.org/10.1109/MEMCOD.2004.1459818,publisher-registered DOI metadata and manuscript-level metadata review,"hardware languages, generators, or accelerator interfaces"
pymtl,PyMTL: A Unified Framework for Vertically Integrated Computer Architecture Research,2014,Proceedings of the IEEE/ACM International Symposium on Microarchitecture,doi:10.1109/micro.2014.50,https://doi.org/10.1109/MICRO.2014.50,publisher-registered DOI metadata and manuscript-level metadata review,"hardware languages, generators, or accelerator interfaces"
firrtl,"Reusability Is {FIRRTL} Ground: Hardware Construction Languages, Compiler Frameworks, and Transformations",2017,Proceedings of the IEEE/ACM International Conference on Computer-Aided Design,doi:10.1109/iccad.2017.8203780,https://doi.org/10.1109/ICCAD.2017.8203780,publisher-registered DOI metadata and manuscript-level metadata review,"hardware languages, generators, or accelerator interfaces"
bambu,{Bambu}: A Modular Framework for the High Level Synthesis of Memory-Intensive Applications,2013,Proceedings of the International Conference on Field Programmable Logic and Applications,doi:10.1109/fpl.2013.6645550,https://doi.org/10.1109/FPL.2013.6645550,publisher-registered DOI metadata and manuscript-level metadata review,"hardware languages, generators, or accelerator interfaces"
spatial,Spatial: A Language and Compiler for Application Accelerators,2018,Proceedings of the ACM International Conference on Architectural Support for Programming Languages and Operating Systems,doi:10.1145/3192366.3192379,https://doi.org/10.1145/3192366.3192379,publisher-registered DOI metadata and manuscript-level metadata review,"hardware languages, generators, or accelerator interfaces"
halide,"Halide: A Language and Compiler for Optimizing Parallelism, Locality, and Recomputation in Image Processing Pipelines",2013,Proceedings of the ACM SIGPLAN Conference on Programming Language Design and Implementation,doi:10.1145/2491956.2462176,https://doi.org/10.1145/2491956.2462176,publisher-registered DOI metadata and manuscript-level metadata review,"hardware languages, generators, or accelerator interfaces"
darkroom,Darkroom: Compiling High-Level Image Processing Code into Hardware Pipelines,2014,ACM Transactions on Graphics,doi:10.1145/2601097.2601174,https://doi.org/10.1145/2601097.2601174,publisher-registered DOI metadata and manuscript-level metadata review,"hardware languages, generators, or accelerator interfaces"
rigel,Rigel: Flexible Multi-Rate Image Processing Hardware,2016,ACM Transactions on Graphics,doi:10.1145/2897824.2925892,https://doi.org/10.1145/2897824.2925892,publisher-registered DOI metadata and manuscript-level metadata review,"hardware languages, generators, or accelerator interfaces"
flopoco,Designing Custom Arithmetic Data Paths with {FloPoCo},2011,IEEE Design and Test of Computers,doi:10.1109/mdt.2011.44,https://doi.org/10.1109/MDT.2011.44,publisher-registered DOI metadata and manuscript-level metadata review,"hardware languages, generators, or accelerator interfaces"
spiral,{SPIRAL}: Extreme Performance Portability,2018,Proceedings of the IEEE,doi:10.1109/jproc.2018.2873289,https://doi.org/10.1109/JPROC.2018.2873289,publisher-registered DOI metadata and manuscript-level metadata review,"hardware languages, generators, or accelerator interfaces"
cosa,{CoSA}: Integrated Verification for Agile Hardware Design,2018,Proceedings of the Formal Methods in Computer Aided Design,doi:10.23919/fmcad.2018.8603014,https://doi.org/10.23919/FMCAD.2018.8603014,publisher-registered DOI metadata and manuscript-level metadata review,hardware model checking and equivalence
spade,Spade---A Modern Hardware Description Language,2026,ACM Transactions on Reconfigurable Technology and Systems,doi:10.1145/3793550,https://doi.org/10.1145/3793550,publisher-registered DOI metadata and manuscript-level metadata review,"hardware languages, generators, or accelerator interfaces"
autopilot,AutoPilot: A Platform-Based {ESL} Synthesis System,2008,High-Level Synthesis: From Algorithm to Digital Circuit,doi:10.1007/978-1-4020-8588-8_6,https://doi.org/10.1007/978-1-4020-8588-8_6,publisher-registered DOI metadata and manuscript-level metadata review,"hardware languages, generators, or accelerator interfaces"
legup,LegUp: High-Level Synthesis for FPGA-Based Processor/Accelerator Systems,2011,Proceedings of the ACM/SIGDA International Symposium on Field Programmable Gate Arrays,doi:10.1145/1950413.1950423,https://doi.org/10.1145/1950413.1950423,publisher-registered DOI metadata and manuscript-level metadata review,"hardware languages, generators, or accelerator interfaces"
heterocl,HeteroCL: A Multi-Paradigm Programming Infrastructure for Software-Defined Reconfigurable Computing,2019,Proceedings of the ACM/SIGDA International Symposium on Field-Programmable Gate Arrays,doi:10.1145/3289602.3293910,https://doi.org/10.1145/3289602.3293910,publisher-registered DOI metadata and manuscript-level metadata review,"hardware languages, generators, or accelerator interfaces"
ioautomata,An Introduction to Input/Output Automata,1989,CWI Quarterly,url:https://groups.csail.mit.edu/tds/papers/Lynch/CWI89.pdf,https://groups.csail.mit.edu/tds/papers/Lynch/CWI89.pdf,institutional full-text record,"interface, contract, and compositional-refinement foundations"
interfaceautomata,Interface Automata,2001,Proceedings of the ACM Joint European Software Engineering Conference and Symposium on the Foundations of Software Engineering,doi:10.1145/503209.503226,https://doi.org/10.1145/503209.503226,publisher-registered DOI metadata and manuscript-level metadata review,"interface, contract, and compositional-refinement foundations"
interfacetheories,Interface Theories for Component-Based Design,2001,Embedded Software,doi:10.1007/3-540-45449-7_11,https://doi.org/10.1007/3-540-45449-7_11,publisher-registered DOI metadata and manuscript-level metadata review,"interface, contract, and compositional-refinement foundations"
alternating,Alternating Refinement Relations,1998,CONCUR '98: Concurrency Theory,doi:10.1007/bfb0055622,https://doi.org/10.1007/BFb0055622,publisher-registered DOI metadata and manuscript-level metadata review,"interface, contract, and compositional-refinement foundations"
modalspec,Modal Specifications,1989,Automatic Verification Methods for Finite State Systems,doi:10.1007/3-540-52148-8_19,https://doi.org/10.1007/3-540-52148-8_19,publisher-registered DOI metadata and manuscript-level metadata review,"interface, contract, and compositional-refinement foundations"
modalio,Modal I/O Automata for Interface and Product Line Theories,2007,Programming Languages and Systems,doi:10.1007/978-3-540-71316-6_6,https://doi.org/10.1007/978-3-540-71316-6_6,publisher-registered DOI metadata and manuscript-level metadata review,"interface, contract, and compositional-refinement foundations"
timedio,Timed I/O Automata: A Complete Specification Theory for Real-Time Systems,2010,Proceedings of the ACM International Conference on Hybrid Systems: Computation and Control,doi:10.1145/1755952.1755967,https://doi.org/10.1145/1755952.1755967,publisher-registered DOI metadata and manuscript-level metadata review,"interface, contract, and compositional-refinement foundations"
contracts,Contracts for System Design,2018,Foundations and Trends in Electronic Design Automation,doi:10.1561/1000000053,https://doi.org/10.1561/1000000053,publisher-registered DOI metadata and manuscript-level metadata review,"interface, contract, and compositional-refinement foundations"
frankenstein,Taming Dr. Frankenstein: Contract-Based Design for Cyber-Physical Systems,2012,European Journal of Control,doi:10.3166/ejc.18.217-238,https://doi.org/10.3166/EJC.18.217-238,publisher-registered DOI metadata and manuscript-level metadata review,"interface, contract, and compositional-refinement foundations"
specstocontracts,Moving from Specifications to Contracts in Component-Based Design,2012,Fundamental Approaches to Software Engineering,doi:10.1007/978-3-642-28872-2_3,https://doi.org/10.1007/978-3-642-28872-2_3,publisher-registered DOI metadata and manuscript-level metadata review,"interface, contract, and compositional-refinement foundations"
interfacebased,Interface-Based Design,1997,Proceedings of the Design Automation Conference,doi:10.1145/266021.266060,https://doi.org/10.1145/266021.266060,publisher-registered DOI metadata and manuscript-level metadata review,"interface, contract, and compositional-refinement foundations"
learningag,Learning to Divide and Conquer: Applying the {L*} Algorithm to Automate Assume-Guarantee Reasoning,2008,Formal Methods in System Design,doi:10.1007/s10703-008-0049-6,https://doi.org/10.1007/s10703-008-0049-6,publisher-registered DOI metadata and manuscript-level metadata review,"interface, contract, and compositional-refinement foundations"
behavioraltypes,A Behavioral Type System and Its Application in {Ptolemy II},2004,Formal Aspects of Computing,doi:10.1007/s00165-004-0043-8,https://doi.org/10.1007/s00165-004-0043-8,publisher-registered DOI metadata and manuscript-level metadata review,"interface, contract, and compositional-refinement foundations"
relations,Relating Alternating Relations for Conformance and Refinement,2019,Integrated Formal Methods,doi:10.1007/978-3-030-34968-4_14,https://doi.org/10.1007/978-3-030-34968-4_14,publisher-registered DOI metadata and manuscript-level metadata review,"interface, contract, and compositional-refinement foundations"
paramrealtime,Parametric Real-Time Reasoning,1993,Proceedings of the ACM Symposium on Theory of Computing,doi:10.1145/167088.167242,https://doi.org/10.1145/167088.167242,publisher-registered DOI metadata and manuscript-level metadata review,parametric timed verification and synthesis
hune,Linear Parametric Model Checking of Timed Automata,2002,Journal of Logic and Algebraic Programming,doi:10.1016/s1567-8326(02)00037-1,https://doi.org/10.1016/S1567-8326(02)00037-1,publisher-registered DOI metadata and manuscript-level metadata review,parametric timed verification and synthesis
andre,What's Decidable about Parametric Timed Automata?,2019,International Journal on Software Tools for Technology Transfer,doi:10.1007/s10009-017-0467-0,https://doi.org/10.1007/s10009-017-0467-0,publisher-registered DOI metadata and manuscript-level metadata review,parametric timed verification and synthesis
jovanovic,Integer Parameter Synthesis for Real-Time Systems,2015,IEEE Transactions on Software Engineering,doi:10.1109/tse.2014.2357445,https://doi.org/10.1109/TSE.2014.2357445,publisher-registered DOI metadata and manuscript-level metadata review,parametric timed verification and synthesis
integercomplete,Integer-Complete Synthesis for Bounded Parametric Timed Automata,2015,Reachability Problems,doi:10.1007/978-3-319-24537-9_2,https://doi.org/10.1007/978-3-319-24537-9_2,publisher-registered DOI metadata and manuscript-level metadata review,parametric timed verification and synthesis
imitator,{IMITATOR} 2.5: A Tool for Analyzing Robustness in Scheduling Problems,2012,Formal Methods,doi:10.1007/978-3-642-32759-9_6,https://doi.org/10.1007/978-3-642-32759-9_6,publisher-registered DOI metadata and manuscript-level metadata review,parametric timed verification and synthesis
traonouez,A Parametric Counterexample Refinement Approach for Robust Timed Specifications,2012,Electronic Proceedings in Theoretical Computer Science,doi:10.4204/eptcs.87.3,https://doi.org/10.4204/EPTCS.87.3,publisher-registered DOI metadata and manuscript-level metadata review,parametric timed verification and synthesis
timedinterfaces,Toward Parametric Timed Interfaces for Real-Time Components,2014,Electronic Proceedings in Theoretical Computer Science,doi:10.4204/eptcs.145.6,https://doi.org/10.4204/EPTCS.145.6,publisher-registered DOI metadata and manuscript-level metadata review,parametric timed verification and synthesis
featuredts,Featured Transition Systems: Foundations for Verifying Variability-Intensive Systems and Their Application to {LTL} Model Checking,2013,IEEE Transactions on Software Engineering,doi:10.1109/tse.2012.86,https://doi.org/10.1109/TSE.2012.86,publisher-registered DOI metadata and manuscript-level metadata review,family-based verification and games
modellots,Model Checking Lots of Systems: Efficient Verification of Temporal Properties in Software Product Lines,2010,Proceedings of the International Conference on Software Engineering,doi:10.1145/1806799.1806850,https://doi.org/10.1145/1806799.1806850,publisher-registered DOI metadata and manuscript-level metadata review,family-based verification and games
featured,Featured Games,2020,arXiv preprint arXiv:2005.05666,url:https://arxiv.org/abs/2005.05666,https://arxiv.org/abs/2005.05666,arXiv scholarly record,family-based verification and games
antichains,Antichains: A New Algorithm for Checking Universality of Finite Automata,2006,Computer Aided Verification,doi:10.1007/11817963_5,https://doi.org/10.1007/11817963_5,publisher-registered DOI metadata and manuscript-level metadata review,"simulation, antichain, and counterexample algorithms"
antichainmc,Antichains for the Automata-Based Approach to Model-Checking,2009,Logical Methods in Computer Science,doi:10.2168/lmcs-5(1:5)2009,https://doi.org/10.2168/LMCS-5(1:5)2009,publisher-registered DOI metadata and manuscript-level metadata review,"simulation, antichain, and counterexample algorithms"
simulations,Computing Simulations on Finite and Infinite Graphs,1995,Proceedings of the IEEE Symposium on Foundations of Computer Science,doi:10.1109/sfcs.1995.492576,https://doi.org/10.1109/SFCS.1995.492576,publisher-registered DOI metadata and manuscript-level metadata review,"simulation, antichain, and counterexample algorithms"
ranzato,A New Efficient Simulation Equivalence Algorithm,2007,Proceedings of the IEEE Symposium on Logic in Computer Science,doi:10.1109/lics.2007.8,https://doi.org/10.1109/LICS.2007.8,publisher-registered DOI metadata and manuscript-level metadata review,"simulation, antichain, and counterexample algorithms"
cleaveland,On Automatically Explaining Bisimulation Inequivalence,1990,Computer Aided Verification,doi:10.1007/bfb0023750,https://doi.org/10.1007/BFb0023750,publisher-registered DOI metadata and manuscript-level metadata review,"simulation, antichain, and counterexample algorithms"
cegar,Counterexample-Guided Abstraction Refinement,2000,Computer Aided Verification,doi:10.1007/10722167_15,https://doi.org/10.1007/10722167_15,publisher-registered DOI metadata and manuscript-level metadata review,"simulation, antichain, and counterexample algorithms"
groce,What Went Wrong: Explaining Counterexamples,2003,Model Checking Software,doi:10.1007/3-540-44829-2_8,https://doi.org/10.1007/3-540-44829-2_8,publisher-registered DOI metadata and manuscript-level metadata review,"simulation, antichain, and counterexample algorithms"
cooper,Theorem Proving in Arithmetic without Multiplication,1972,Machine Intelligence 7,url:https://www.doc.ic.ac.uk/~shm/MI/mi7.html,https://www.doc.ic.ac.uk/~shm/MI/mi7.html,institutional volume contents record,Presburger arithmetic and semilinear-set foundations
ginsburg,"Semigroups, Presburger Formulas, and Languages",1966,Pacific Journal of Mathematics,doi:10.2140/pjm.1966.16.285,https://doi.org/10.2140/pjm.1966.16.285,publisher-registered DOI metadata and manuscript-level metadata review,Presburger arithmetic and semilinear-set foundations
haase,A Survival Guide to Presburger Arithmetic,2018,ACM SIGLOG News,doi:10.1145/3242953.3242964,https://doi.org/10.1145/3242953.3242964,publisher-registered DOI metadata and manuscript-level metadata review,Presburger arithmetic and semilinear-set foundations
omega,The Omega Test: A Fast and Practical Integer Programming Algorithm for Dependence Analysis,1992,Communications of the ACM,doi:10.1145/143165.143175,https://doi.org/10.1145/143165.143175,publisher-registered DOI metadata and manuscript-level metadata review,Presburger arithmetic and semilinear-set foundations
bryant,Graph-Based Algorithms for Boolean Function Manipulation,1986,IEEE Transactions on Computers,doi:10.1109/tc.1986.1676819,https://doi.org/10.1109/TC.1986.1676819,publisher-registered DOI metadata and manuscript-level metadata review,hardware model checking and equivalence
burch,Symbolic Model Checking: $10^{20}$ States and Beyond,1990,Proceedings of the IEEE Symposium on Logic in Computer Science,doi:10.1109/lics.1990.113767,https://doi.org/10.1109/LICS.1990.113767,publisher-registered DOI metadata and manuscript-level metadata review,hardware model checking and equivalence
pixley,A Theory and Implementation of Sequential Hardware Equivalence,1992,IEEE Transactions on Computer-Aided Design of Integrated Circuits and Systems,doi:10.1109/43.180261,https://doi.org/10.1109/43.180261,publisher-registered DOI metadata and manuscript-level metadata review,hardware model checking and equivalence
abc,{ABC}: An Academic Industrial-Strength Verification Tool,2010,Computer Aided Verification,doi:10.1007/978-3-642-14295-6_5,https://doi.org/10.1007/978-3-642-14295-6_5,publisher-registered DOI metadata and manuscript-level metadata review,hardware model checking and equivalence
kuehlmann,Equivalence Checking Using Cuts and Heaps,1997,Proceedings of the Design Automation Conference,doi:10.1145/266021.266090,https://doi.org/10.1145/266021.266090,publisher-registered DOI metadata and manuscript-level metadata review,hardware model checking and equivalence
bmc,Symbolic Model Checking without {BDDs},1999,Tools and Algorithms for the Construction and Analysis of Systems,doi:10.1007/3-540-49059-0_14,https://doi.org/10.1007/3-540-49059-0_14,publisher-registered DOI metadata and manuscript-level metadata review,hardware model checking and equivalence
