key,count
lilac,4
performanceinterfaces,2
filament,4
dahlia,4
durst,2
calyx,2
anvil,3
carloni,2
syncelastic,2
elasticcircuits,2
chisel,2
clash,2
bluespec,2
pymtl,2
firrtl,2
bambu,2
spatial,2
halide,2
darkroom,2
rigel,2
flopoco,2
spiral,2
cosa,3
spade,2
autopilot,2
legup,2
heterocl,2
ioautomata,2
interfaceautomata,4
interfacetheories,2
alternating,4
modalspec,2
modalio,4
timedio,4
contracts,4
frankenstein,2
specstocontracts,2
interfacebased,2
learningag,1
behavioraltypes,1
relations,2
paramrealtime,3
hune,3
andre,3
jovanovic,3
integercomplete,3
imitator,3
traonouez,2
timedinterfaces,2
featuredts,3
modellots,3
featured,3
antichains,2
antichainmc,2
simulations,2
ranzato,2
cleaveland,2
cegar,2
groce,2
cooper,2
ginsburg,2
haase,2
omega,2
bryant,4
burch,4
pixley,4
abc,4
kuehlmann,4
bmc,4
