case_id,group,translation_mode,valuations,safe,bad,state_pair_valuations,client_counterexamples,criterion_game_agreement
timeline-anchor-fpadd,anchor-derived,history,9,3,6,2304,6,1
timeline-anchor-highrad,anchor-derived,history,9,3,6,2304,6,1
timeline-anchor-shift,anchor-derived,history,9,3,6,2304,6,1
timeline-combined,handwritten,age,16,8,8,1024,8,1
timeline-correlated-assumption,handwritten,age,10,9,1,640,1,1
timeline-disjoint-read,handwritten,age,4,4,0,256,0,1
timeline-disjoint-write,handwritten,age,4,4,0,256,0,1
timeline-extra-read-port,handwritten,age,4,0,4,256,4,1
timeline-extra-write-port,handwritten,age,4,4,0,256,0,1
timeline-gap,handwritten,age,16,12,4,1024,4,1
timeline-generated-01,generated,age,16,0,16,1024,16,1
timeline-generated-02,generated,age,16,0,16,1024,16,1
timeline-generated-03,generated,age,16,16,0,1024,0,1
timeline-generated-04,generated,age,16,0,16,1024,16,1
timeline-generated-05,generated,age,16,0,16,1024,16,1
timeline-generated-06,generated,age,16,0,16,1024,16,1
timeline-generated-07,generated,age,16,16,0,1024,0,1
timeline-generated-08,generated,age,16,0,16,1024,16,1
timeline-generated-09,generated,age,16,16,0,1024,0,1
timeline-generated-10,generated,age,16,0,16,1024,16,1
timeline-generated-11,generated,age,16,0,16,1024,16,1
timeline-generated-12,generated,age,16,0,16,1024,16,1
timeline-generated-13,generated,age,16,0,16,1024,16,1
timeline-generated-14,generated,age,16,0,16,1024,16,1
timeline-generated-15,generated,age,16,8,8,1024,8,1
timeline-generated-16,generated,age,16,0,16,1024,16,1
timeline-generated-17,generated,age,16,0,16,1024,16,1
timeline-generated-18,generated,age,16,16,0,1024,0,1
timeline-generated-19,generated,age,16,16,0,1024,0,1
timeline-generated-20,generated,age,16,16,0,1024,0,1
timeline-generated-21,generated,age,16,0,16,1024,16,1
timeline-generated-22,generated,age,16,0,16,1024,16,1
timeline-generated-23,generated,age,16,0,16,1024,16,1
timeline-generated-24,generated,age,16,0,16,1024,16,1
timeline-generated-25,generated,age,16,0,16,1024,16,1
timeline-generated-26,generated,age,16,0,16,1024,16,1
timeline-generated-27,generated,age,16,16,0,1024,0,1
timeline-generated-28,generated,age,16,0,16,1024,16,1
timeline-generated-29,generated,age,16,4,12,1024,12,1
timeline-generated-30,generated,age,16,0,16,1024,16,1
timeline-generated-31,generated,age,16,0,16,1024,16,1
timeline-generated-32,generated,age,16,8,8,1024,8,1
timeline-generated-33,generated,age,16,0,16,1024,16,1
timeline-generated-34,generated,age,16,0,16,1024,16,1
timeline-generated-35,generated,age,16,0,16,1024,16,1
timeline-generated-36,generated,age,16,16,0,1024,0,1
timeline-generated-37,generated,age,16,0,16,1024,16,1
timeline-generated-38,generated,age,16,0,16,1024,16,1
timeline-generated-39,generated,age,16,0,16,1024,16,1
timeline-generated-40,generated,age,16,0,16,1024,16,1
timeline-generated-41,generated,age,16,16,0,1024,0,1
timeline-generated-42,generated,age,16,0,16,1024,16,1
timeline-generated-43,generated,age,16,0,16,1024,16,1
timeline-generated-44,generated,age,16,0,16,1024,16,1
timeline-generated-45,generated,age,16,16,0,1024,0,1
timeline-generated-46,generated,age,16,0,16,1024,16,1
timeline-generated-47,generated,age,16,0,16,1024,16,1
timeline-generated-48,generated,age,16,0,16,1024,16,1
timeline-generated-49,generated,age,16,0,16,1024,16,1
timeline-generated-50,generated,age,16,0,16,1024,16,1
timeline-generated-51,generated,age,16,0,16,1024,16,1
timeline-generated-52,generated,age,16,8,8,1024,8,1
timeline-identical,handwritten,age,4,4,0,256,0,1
timeline-missing-write-port,handwritten,age,4,0,4,256,4,1
timeline-read-window,handwritten,age,16,12,4,1024,4,1
timeline-three-ports,handwritten,age,4,4,0,256,0,1
timeline-write-window,handwritten,age,16,12,4,1024,4,1
