case_id,group,valuations,state_pair_valuations,safe,bad,cells,guard_cells,implementation_states,specification_states,parameters,rounds,equation_visits,witness_nodes,shortest_depth
availability-window,timing-motif,16,784,7,9,16,16,7,7,2,5,294,1,1
branching,semantic-control,1,12,0,1,1,1,3,4,1,2,36,3,2
correlated,semantic-control,16,16,4,12,2,2,1,1,2,1,2,1,1
empty-domain,semantic-control,0,0,0,0,0,0,1,1,1,0,1,0,0
generated-01,generated,16,192,6,10,9,10,4,3,2,3,48,1,1
generated-02,generated,16,64,0,16,3,10,2,2,2,2,12,1,1
generated-03,generated,16,96,0,16,4,10,2,3,2,2,18,1,1
generated-04,generated,16,144,16,0,4,10,3,3,2,2,27,0,0
generated-05,generated,16,192,12,4,8,10,4,3,2,2,36,1,1
generated-06,generated,16,192,7,9,9,10,4,3,2,4,60,2,2
generated-07,generated,16,192,0,16,6,10,4,3,2,2,36,1,1
generated-08,generated,16,192,0,16,10,10,3,4,2,4,60,1,1
generated-09,generated,16,128,0,16,8,8,4,2,2,3,32,1,1
generated-10,generated,16,256,16,0,8,8,4,4,2,3,64,0,0
generated-11,generated,16,96,2,14,6,10,2,3,2,4,30,1,1
generated-12,generated,16,128,0,16,4,10,4,2,2,1,16,1,1
generated-13,generated,16,144,0,16,8,10,3,3,2,4,45,1,1
generated-14,generated,16,96,0,16,5,10,2,3,2,1,12,1,1
generated-15,generated,16,96,4,12,8,10,3,2,2,3,24,1,1
generated-16,generated,16,64,16,0,2,7,2,2,2,1,8,0,0
generated-17,generated,16,96,6,10,7,8,2,3,2,2,18,1,1
generated-18,generated,16,128,4,12,5,10,4,2,2,2,24,1,1
generated-19,generated,16,192,3,13,8,10,3,4,2,2,36,1,1
generated-20,generated,16,96,0,16,6,10,3,2,2,3,24,1,1
generated-21,generated,16,96,0,16,3,6,2,3,2,2,18,1,1
generated-22,generated,16,144,16,0,7,10,3,3,2,3,36,0,0
generated-23,generated,16,128,2,14,9,10,2,4,2,2,24,1,1
generated-24,generated,16,64,0,16,3,6,2,2,2,3,16,1,1
guard-splitting,semantic-control,4,16,4,0,1,2,2,2,1,1,8,0,0
initiation-gap,timing-motif,16,400,10,6,16,16,5,5,2,8,225,2,2
input-assumption,semantic-control,4,4,3,1,2,2,1,1,1,1,2,1,1
input-variance,semantic-control,8,8,4,4,2,2,1,1,1,1,2,1,1
interior-hole,semantic-control,8,8,7,1,2,2,1,1,1,1,2,1,1
long-chain,scaling-control,8,2048,4,4,2,2,16,16,1,16,4352,16,16
parity,semantic-control,8,8,4,4,2,2,1,1,1,1,2,1,1
phase-alignment,timing-motif,32,128,16,16,2,2,2,2,3,2,12,2,2
pointwise-choice,semantic-control,4,24,4,0,1,2,2,3,1,1,12,0,0
quiescence-not-progress,semantic-control,4,4,4,0,1,1,1,1,1,0,1,0,0
reflexive,semantic-control,4,64,4,0,1,1,4,4,1,1,32,0,0
shortest-order,semantic-control,2,32,0,2,2,2,4,4,1,4,80,1,1
wide-control,scaling-control,1,2304,1,0,1,1,48,48,1,0,2304,0,0
