profile,gap,reads,writes
g1-rnone-wnone,1,,
g1-rnone-w0,1,,0
g1-rnone-w1,1,,1
g1-rnone-w2,1,,2
g1-r0-wnone,1,0,
g1-r0-w0,1,0,0
g1-r0-w1,1,0,1
g1-r0-w2,1,0,2
g1-r1-wnone,1,1,
g1-r1-w0,1,1,0
g1-r1-w1,1,1,1
g1-r1-w2,1,1,2
g1-r2-wnone,1,2,
g1-r2-w0,1,2,0
g1-r2-w1,1,2,1
g1-r2-w2,1,2,2
g2-rnone-wnone,2,,
g2-rnone-w0,2,,0
g2-rnone-w1,2,,1
g2-rnone-w2,2,,2
g2-rnone-w0-1,2,,0 1
g2-rnone-w1-2,2,,1 2
g2-r0-wnone,2,0,
g2-r0-w0,2,0,0
g2-r0-w1,2,0,1
g2-r0-w2,2,0,2
g2-r0-w0-1,2,0,0 1
g2-r0-w1-2,2,0,1 2
g2-r1-wnone,2,1,
g2-r1-w0,2,1,0
g2-r1-w1,2,1,1
g2-r1-w2,2,1,2
g2-r1-w0-1,2,1,0 1
g2-r1-w1-2,2,1,1 2
g2-r2-wnone,2,2,
g2-r2-w0,2,2,0
g2-r2-w1,2,2,1
g2-r2-w2,2,2,2
g2-r2-w0-1,2,2,0 1
g2-r2-w1-2,2,2,1 2
g2-r0-1-wnone,2,0 1,
g2-r0-1-w0,2,0 1,0
g2-r0-1-w1,2,0 1,1
g2-r0-1-w2,2,0 1,2
g2-r0-1-w0-1,2,0 1,0 1
g2-r0-1-w1-2,2,0 1,1 2
g2-r1-2-wnone,2,1 2,
g2-r1-2-w0,2,1 2,0
g2-r1-2-w1,2,1 2,1
g2-r1-2-w2,2,1 2,2
g2-r1-2-w0-1,2,1 2,0 1
g2-r1-2-w1-2,2,1 2,1 2
